TaskID,Workstream,OwnerAgent,Status,DependsOn,Priority,Inputs,Outputs,QualityGate,ContextPackVersion,StartedAt,CompletedAt,RevisionCount,BlockerReason,Notes
TASK-001,Management,Manager,DONE,,P0,Brief,DAG,PrincipalGate,CP_Manager_v1.0,2026-01-25T14:30:00,2026-01-25T14:31:00,0,,DAG Generated & Ledger Initialized
TASK-002,Research,Research,DONE,TASK-001,P0,DAG,Validation Report,PrincipalGate,CP_Research_v1.0,2026-01-25T14:31:00,2026-01-25T14:31:30,0,,Filesystem & Roster Verified
TASK-003,Design,UX Architecture,DONE,TASK-002,P1,Validation Report,Flow Map,DesignGate,CP_UX_Architecture_v1.0,2026-01-25T14:32:00,2026-01-25T14:32:15,0,,Flow Mapped
TASK-004,Engineering,Frontend,DONE,TASK-003,P1,Flow Map,Proof HTML,QAGate,CP_Frontend_v1.0,2026-01-25T14:32:15,2026-01-25T14:32:30,0,,HTML Artifact Created
TASK-005,QA,QA,DONE,TASK-004,P0,Proof HTML,Readiness Report,ManagerSignOff,CP_QA_v1.0,2026-01-25T14:32:30,2026-01-25T14:33:00,0,,System VALIDATED
TASK-006,Management,Manager,READY,,P1,Demo_Feature_Brief.md,Implementation Plan,PrincipalGate,CP_Manager_v2.0,,,,0,,Initializing Demo Run
TASK-007,Engineering,Frontend,PENDING,TASK-006,P2,Implementation Plan,Component Code,RefineGate,CP_Frontend_v2.0,,,,0,,Waiting for Plan
TASK-008,QA,QA,PENDING,TASK-007,P2,Component Code,Verification,ManagerSignOff,CP_QA_v2.0,,,,0,,Waiting for Code
TASK-009,Management,Manager,DONE,,P0,Neon_Roots_Brand_Brief.md,Project Plan,PrincipalGate,CP_Manager_v3.0,2026-01-25T17:20:00,2026-01-25T17:21:00,0,,Initiated Neon Roots
TASK-010,Research,Research Agent,DONE,TASK-009,P1,Project Plan,User Personas,ResearchGate,CP_Research_v2.0,2026-01-25T17:21:00,2026-01-25T17:22:00,0,,Personas Generated
TASK-011,Design,UX Architect,DONE,TASK-010,P1,User Personas,Brand Concept,DesignGate,CP_Design_v2.0,2026-01-25T17:22:00,2026-01-25T17:23:00,0,,Concept Configured
TASK-012,Engineering,Frontend,READY,TASK-011,P1,Brand Concept,Landing Page,QAGate,CP_Frontend_v3.0,,,,0,,Ready to Build Site
